layer_name;HighFi;MediumFi;LowFi
Book;;181,95138747854526;
Book;;;22,93863761977991
Book;;;66,05566188082958
Book;;;29,05903349968139
Book;;56,46820774110529;
Book;;56,46820774110529;
Book;;;66,05566188082958
Book;;;15,549055820825743
Book;54,74523455940107;;
Book;;181,95138747854526;
Book;54,74523455940107;;
Book;;84,6094562113285;
Book;;;29,05903349968139
Book;;84,6094562113285;
Book;22,684668636444258;;
Book;;76,89010193200374;
Book;59,75028465914511;;
Book;59,75028465914511;;
Book;;76,89010193200374;
Book;19,633608005908172;;
Book;19,633608005908172;;
Book;69,22681602213015;;
Book;;;12,354200457644765
Book;69,22681602213015;;
Book;;;12,354200457644765
Book;;;15,549055820825743
Book;;42,092453911962366;
Book;;60,52665012415673;
Book;;43,43118113662058;
Book;;33,431613072694745;
Book;;;57,44298019632697
Book;;37,73736152116908;
Book;;37,73736152116908;
Book;22,684668636444258;;
Book;;33,431613072694745;
Book;;26,693016931196325;
Book;46,555218961977516;;
Book;;;43,997532126901206
Book;46,555218961977516;;
Book;;26,693016931196325;
Book;;60,52665012415673;
Book;;29,806897856396972;
Book;;;22,93863761977991
Book;;114,57922143248288;
Book;;114,57922143248288;
Book;;29,806897856396972;
Book;;;43,997532126901206
Book;30,12632705167198;;
Book;42,39286885104957;;
Book;30,12632705167198;;
Book;42,39286885104957;;
Book;;;20,60407192754792
Book;;43,43118113662058;
Book;;;20,60407192754792
Book;;42,092453911962366;
Book;;;57,44298019632697
Book;;;26,938657208927907
Book;;;93,37079119600821
Book;;;36,468944389387616
Book;;;26,938657208927907
Book;9,899716370302485;;
Book;11,639348247387716;;
Book;;;36,468944389387616
Book;11,639348247387716;;
Book;;;65,20086721382359
Book;22,209988133855404;;
Book;;;38,69742199021857
Book;;51,25064284039399;
Book;52,310859845005325;;
Book;52,310859845005325;;
Book;22,209988133855404;;
Book;59,275294546052464;;
Book;;67,11443871940537;
Book;;51,25064284039399;
Book;9,899716370302485;;
Book;15,470490217656334;;
Book;;;3,8523654007003643
Book;;;99,47818605487555
Book;38,6377356188118;;
Book;;;93,37079119600821
Book;;;65,20086721382359
Book;59,275294546052464;;
Book;;;99,47818605487555
Book;15,470490217656334;;
Book;;;38,69742199021857
Book;;67,11443871940537;
Book;;;3,8523654007003643
Book;;2,5011047029747715;
Book;;2,5011047029747715;
Book;38,6377356188118;;
Bottle;;;90,82502412413305
Bottle;;138,84351347043412;
Bottle;188,03626731754048;;
Bottle;;;46,052133861216134
Bottle;;;57,04405337559729
Bottle;58,59905003673612;;
Bottle;;95,58552304243494;
Bottle;;;84,34818070344045
Bottle;;81,52137861493975;
Bottle;;127,07010446906497;
Bottle;68,17729136019034;;
Bottle;;;380,37084447008965
Bottle;;;112,2754884208639
Bottle;141,00510283360927;;
Bottle;;115,80851211588015;
Bottle;;;48,8519240066089
Bottle;;224,84344653050357;
Bottle;340,12427815893216;;
Bottle;114,33609345899458;;
Bottle;88,94847446969652;;
Bottle;;79,42247982154367;
Bottle;53,77679399312183;;
Bottle;;;45,93974333428196
Bottle;;171,60711175973483;
Bottle;;;90,6047152691608
Bottle;;10,094102786584699;
Bottle;;48,17425779397581;
Bottle;72,32560167506017;;
Bottle;228,32129110619553;;
Bottle;;21,523269201483345;
Bottle;;;58,346513942378806
Bottle;;;135,0673780490033
Bottle;142,14503156622595;;
Bottle;;;148,24719734254177
Bottle;;;115,1982150586864
Bottle;;122,65328398767815;
Bottle;;;161,64929797724471
Bottle;;132,1559307985808;
Bottle;120,90501714710263;;
Bottle;;83,94074901609201;
Bottle;;;189,91395293128153
Bottle;;122,1567065987474;
Bottle;157,64585846134287;;
Bottle;58,09199954522137;;
Bottle;120,1626184820052;;
Car;0,0;;
Car;;;0,0
Car;0,0;;
Car;;;0,0
Car;0,0;;
Car;0,0;;
Car;;;0,0
Car;0,0;;
Car;0,0;;
Car;;;0,0
Car;;0,0;
Car;;0,0;
Car;;;0,0
Car;0,0;;
Car;0,0;;
Car;;;0,0
Car;;0,0;
Car;;0,0;
Car;;0,0;
Car;0,0;;
Car;;0,0;
Car;;0,0;
Car;;0,0;
Car;0,0;;
Car;;;0,0
Car;;;0,0
Car;;0,0;
Car;;;0,0
Car;;;0,0
Car;0,0;;
Car;;0,0;
Car;;;0,0
Car;;0,0;
Car;;;0,0
Car;;0,0;
Car;0,0;;
Car;;0,0;
Car;;;0,0
Car;0,0;;
Car;;;0,0
Car;;0,0;
Car;;0,0;
Car;0,0;;
Car;;;0,0
Car;0,0;;
Customer;;0,0;
Customer;;;0,0
Customer;;;0,0
Customer;;0,0;
Customer;;;0,0
Customer;0,0;;
Customer;0,0;;
Customer;;0,0;
Customer;0,0;;
Customer;;;0,0
Customer;0,0;;
Customer;;0,0;
Customer;;;0,0
Customer;0,0;;
Customer;;0,0;
Customer;;0,0;
Customer;;0,0;
Customer;;0,0;
Customer;0,0;;
Customer;0,0;;
Customer;0,0;;
Customer;;;0,0
Customer;;;0,0
Customer;;;0,0
Customer;;0,0;
Customer;;0,0;
Customer;;;0,0
Customer;;;0,0
Customer;;0,0;
Customer;;;0,0
Customer;;;0,0
Customer;0,0;;
Customer;;;0,0
Customer;0,0;;
Customer;0,0;;
Customer;;0,0;
Customer;;0,0;
Customer;;;0,0
Customer;;;0,0
Customer;0,0;;
Customer;;0,0;
Customer;0,0;;
Customer;0,0;;
Customer;0,0;;
Customer;;0,0;
Deliver plate;;0,0;
Deliver plate;;;0,0
Deliver plate;0,0;;
Deliver plate;;;0,0
Deliver plate;;;0,0
Deliver plate;;0,0;
Deliver plate;;0,0;
Deliver plate;0,0;;
Deliver plate;;0,0;
Deliver plate;;0,0;
Deliver plate;;;0,0
Deliver plate;;;0,0
Deliver plate;;0,0;
Deliver plate;;0,0;
Deliver plate;;0,0;
Deliver plate;;;0,0
Deliver plate;;0,0;
Deliver plate;0,0;;
Deliver plate;;0,0;
Deliver plate;;0,0;
Deliver plate;;0,0;
Deliver plate;;;0,0
Deliver plate;;0,0;
Deliver plate;;;0,0
Deliver plate;0,0;;
Deliver plate;;0,0;
Deliver plate;;;0,0
Deliver plate;;0,0;
Deliver plate;;;0,0
Deliver plate;;;0,0
Deliver plate;0,0;;
Deliver plate;;;0,0
Deliver plate;0,0;;
Deliver plate;0,0;;
Deliver plate;;;0,0
Deliver plate;;;0,0
Deliver plate;0,0;;
Deliver plate;0,0;;
Deliver plate;0,0;;
Deliver plate;0,0;;
Deliver plate;0,0;;
Deliver plate;;;0,0
Deliver plate;0,0;;
Deliver plate;0,0;;
Deliver plate;0,0;;
Floor;3,2947993965208298;;
Floor;;44,923863920528674;
Floor;10,92012036176311;;
Floor;;;15,628689892677357
Floor;;0,0;
Floor;;;4,557517602079315
Floor;;0,0;
Floor;;299,5855413295358;
Floor;;0,0;
Floor;549,314136296256;;
Floor;;;0,0
Floor;;;178,48725119508163
Floor;0,0;;
Floor;4,520290549222409;;
Floor;;;0,0
Floor;;0,0;
Floor;;;47,80280833011784
Floor;0,0;;
Floor;;;90,31592870187887
Floor;;0,0;
Floor;;0,0;
Floor;0,0;;
Floor;;8,211970611606375;
Floor;;0,0;
Floor;0,0;;
Floor;;0,0;
Floor;;;2,848730997136954
Floor;3143,510112704651;;
Floor;;;12,15357986795425
Floor;;;0,0
Floor;;;2,6128157895582262
Floor;;;4,960204405011609
Floor;;2,542719501893771;
Floor;;7,159842118764573;
Floor;86,84976679262218;;
Floor;;0,0;
Floor;202,11249689922488;;
Floor;2,8239145955376443;;
Floor;;;242,03538140797173
Floor;;;478,0613346069731
Floor;0,0;;
Floor;;;10,075197269849014
Floor;;0,0;
Floor;0,0;;
Floor;2,055689599385005;;
Garnish Dispenser;;20,22255983791547;
Garnish Dispenser;;;3,23864869582394
Garnish Dispenser;;16,419065055291867;
Garnish Dispenser;5,994986889193569;;
Garnish Dispenser;;;4,863604903228406
Garnish Dispenser;;;4,849188802865683
Garnish Dispenser;4,297073494984943;;
Garnish Dispenser;;;0,0
Garnish Dispenser;;0,0;
Garnish Dispenser;;;2,1951614004501607
Garnish Dispenser;;0,0;
Garnish Dispenser;;8,480786185316902;
Garnish Dispenser;;8,977714674041636;
Garnish Dispenser;;538,7583700809337;
Garnish Dispenser;;;7,591849538795941
Garnish Dispenser;0,0;;
Garnish Dispenser;;149,26270983314316;
Garnish Dispenser;;;423,687334184011
Garnish Dispenser;;18,273014509984932;
Garnish Dispenser;;;2,375800100489869
Garnish Dispenser;;;6,255655588814989
Garnish Dispenser;0,0;;
Garnish Dispenser;;13,184347466871259;
Garnish Dispenser;0,0;;
Garnish Dispenser;5,257463763989108;;
Garnish Dispenser;;3,1698300040807226;
Garnish Dispenser;;25,429018451795855;
Garnish Dispenser;10,266053855928476;;
Garnish Dispenser;;9,137590409591212;
Garnish Dispenser;;0,0;
Garnish Dispenser;;;11,174419285773183
Garnish Dispenser;;24,108754046508693;
Garnish Dispenser;7,337298661685054;;
Garnish Dispenser;;;0,0
Garnish Dispenser;;;2,3341363982617622
Garnish Dispenser;;;0,0
Garnish Dispenser;4,8920159030967625;;
Garnish Dispenser;4,311354295801721;;
Garnish Dispenser;;;13,457450003144913
Garnish Dispenser;0,0;;
Garnish Dispenser;0,0;;
Garnish Dispenser;19,0224185654115;;
Garnish Dispenser;9,001913546730066;;
Garnish Dispenser;;;2,194453798030736
Garnish Dispenser;9,242945791294915;;
Glass Dispenser;35,91401561962266;;
Glass Dispenser;6,271355274890993;;
Glass Dispenser;;;2,54203779452655
Glass Dispenser;7,266608297722996;;
Glass Dispenser;4,906727489898913;;
Glass Dispenser;;2,5987015980208525;
Glass Dispenser;;;0,0
Glass Dispenser;5,740825484884226;;
Glass Dispenser;;4,018263600271894;
Glass Dispenser;;;2,2924392015556805
Glass Dispenser;17,497790874876955;;
Glass Dispenser;;6,437467702882714;
Glass Dispenser;;4,249897100453381;
Glass Dispenser;;;0,0
Glass Dispenser;;4,808030805455928;
Glass Dispenser;;2,014162000050419;
Glass Dispenser;;0,0;
Glass Dispenser;2,5151576017888146;;
Glass Dispenser;0,0;;
Glass Dispenser;9,830105622833798;;
Glass Dispenser;25,30252732548979;;
Glass Dispenser;;2,0975731995495153;
Glass Dispenser;22,49845058962819;;
Glass Dispenser;;;2,890602298232352
Glass Dispenser;;17,29527703950589;
Glass Dispenser;;;3,100404294542386
Glass Dispenser;;5,768370892707026;
Glass Dispenser;;;0,0
Glass Dispenser;;;2,097904098336585
Glass Dispenser;;;4,236612800799776
Glass Dispenser;;;2,639776000272832
Glass Dispenser;;;6,10200470079144
Glass Dispenser;2,000011299999642;;
Glass Dispenser;;127,12201319919131;
Glass Dispenser;;4,792889897398709;
Glass Dispenser;7,42423227641757;;
Glass Dispenser;;10,111121846724927;
Glass Dispenser;6,186498484303684;;
Glass Dispenser;2,725455894110837;;
Glass Dispenser;;;0,0
Glass Dispenser;;;2,083714600186795
Glass Dispenser;;;0,0
Glass Dispenser;;;2,0834063991933363
Glass Dispenser;;0,0;
Glass Dispenser;;16,389928937949662;
HiddenMesh;0,0;;
HiddenMesh;;0,0;
HiddenMesh;;;0,0
HiddenMesh;;0,0;
HiddenMesh;0,0;;
HiddenMesh;;0,0;
HiddenMesh;;;0,0
HiddenMesh;0,0;;
HiddenMesh;;;0,0
HiddenMesh;;0,0;
HiddenMesh;0,0;;
HiddenMesh;;;0,0
HiddenMesh;0,0;;
HiddenMesh;;;0,0
HiddenMesh;0,0;;
HiddenMesh;;;0,0
HiddenMesh;;0,0;
HiddenMesh;;;0,0
HiddenMesh;;0,0;
HiddenMesh;;;0,0
HiddenMesh;;0,0;
HiddenMesh;0,0;;
HiddenMesh;0,0;;
HiddenMesh;;0,0;
HiddenMesh;0,0;;
HiddenMesh;;0,0;
HiddenMesh;;;0,0
HiddenMesh;0,0;;
HiddenMesh;;0,0;
HiddenMesh;;;0,0
HiddenMesh;;;0,0
HiddenMesh;0,0;;
HiddenMesh;;0,0;
HiddenMesh;0,0;;
HiddenMesh;;;0,0
HiddenMesh;;0,0;
HiddenMesh;;0,0;
HiddenMesh;;;0,0
HiddenMesh;;0,0;
HiddenMesh;;;0,0
HiddenMesh;0,0;;
HiddenMesh;0,0;;
HiddenMesh;;;0,0
HiddenMesh;0,0;;
HiddenMesh;;0,0;
Ice Dispenser;0,0;;
Ice Dispenser;0,0;;
Ice Dispenser;;;0,0
Ice Dispenser;0,0;;
Ice Dispenser;0,0;;
Ice Dispenser;;;0,0
Ice Dispenser;;0,0;
Ice Dispenser;0,0;;
Ice Dispenser;;;0,0
Ice Dispenser;;;0,0
Ice Dispenser;0,0;;
Ice Dispenser;0,0;;
Ice Dispenser;;0,0;
Ice Dispenser;;;0,0
Ice Dispenser;;0,0;
Ice Dispenser;;0,0;
Ice Dispenser;;0,0;
Ice Dispenser;0,0;;
Ice Dispenser;;;0,0
Ice Dispenser;;;0,0
Ice Dispenser;;0,0;
Ice Dispenser;;;0,0
Ice Dispenser;;0,0;
Ice Dispenser;0,0;;
Ice Dispenser;;0,0;
Ice Dispenser;;0,0;
Ice Dispenser;0,0;;
Ice Dispenser;;0,0;
Ice Dispenser;;;0,0
Ice Dispenser;0,0;;
Ice Dispenser;;0,0;
Ice Dispenser;;;0,0
Ice Dispenser;;;0,0
Ice Dispenser;0,0;;
Ice Dispenser;0,0;;
Ice Dispenser;;0,0;
Ice Dispenser;;;0,0
Ice Dispenser;;;0,0
Ice Dispenser;;;0,0
Ice Dispenser;;;0,0
Ice Dispenser;;0,0;
Ice Dispenser;;0,0;
Ice Dispenser;0,0;;
Ice Dispenser;0,0;;
Ice Dispenser;;0,0;
Ignore Raycast;;0,0;
Ignore Raycast;;0,0;
Ignore Raycast;0,0;;
Ignore Raycast;;;0,0
Ignore Raycast;;0,0;
Ignore Raycast;;0,0;
Ignore Raycast;;;0,0
Ignore Raycast;;0,0;
Ignore Raycast;;0,0;
Ignore Raycast;0,0;;
Ignore Raycast;;;0,0
Ignore Raycast;0,0;;
Ignore Raycast;;;0,0
Ignore Raycast;0,0;;
Ignore Raycast;0,0;;
Ignore Raycast;;0,0;
Ignore Raycast;;0,0;
Ignore Raycast;;;0,0
Ignore Raycast;0,0;;
Ignore Raycast;;0,0;
Ignore Raycast;0,0;;
Ignore Raycast;;;0,0
Ignore Raycast;;0,0;
Ignore Raycast;;0,0;
Ignore Raycast;;0,0;
Ignore Raycast;0,0;;
Ignore Raycast;;;0,0
Ignore Raycast;0,0;;
Ignore Raycast;;;0,0
Ignore Raycast;0,0;;
Ignore Raycast;;0,0;
Ignore Raycast;;;0,0
Ignore Raycast;;;0,0
Ignore Raycast;;;0,0
Ignore Raycast;;;0,0
Ignore Raycast;0,0;;
Ignore Raycast;0,0;;
Ignore Raycast;0,0;;
Ignore Raycast;;;0,0
Ignore Raycast;0,0;;
Ignore Raycast;0,0;;
Ignore Raycast;;0,0;
Ignore Raycast;;;0,0
Ignore Raycast;;0,0;
Ignore Raycast;;;0,0
Middel point;;;0,0
Middel point;0,0;;
Middel point;;0,0;
Middel point;0,0;;
Middel point;0,0;;
Middel point;0,0;;
Middel point;;;0,0
Middel point;;;0,0
Middel point;;0,0;
Middel point;0,0;;
Middel point;;0,0;
Middel point;;;0,0
Middel point;;;0,0
Middel point;;0,0;
Middel point;;;0,0
Middel point;;;0,0
Middel point;;0,0;
Middel point;;0,0;
Middel point;0,0;;
Middel point;0,0;;
Middel point;;0,0;
Middel point;;0,0;
Middel point;0,0;;
Middel point;;;0,0
Middel point;;;0,0
Middel point;;;0,0
Middel point;;0,0;
Middel point;;;0,0
Middel point;;0,0;
Middel point;0,0;;
Middel point;;;0,0
Middel point;;0,0;
Middel point;0,0;;
Middel point;0,0;;
Middel point;;;0,0
Middel point;;0,0;
Middel point;0,0;;
Middel point;;0,0;
Middel point;0,0;;
Middel point;0,0;;
Middel point;;;0,0
Middel point;;0,0;
Middel point;;0,0;
Middel point;0,0;;
Middel point;;;0,0
Shaker Bottle;;9,565914686521864;
Shaker Bottle;;;130,13012311852071
Shaker Bottle;143,87690919436977;;
Shaker Bottle;;251,94116658517032;
Shaker Bottle;;69,96895614936693;
Shaker Bottle;;;44,660333929918124
Shaker Bottle;;;169,52344093132706
Shaker Bottle;26,046899869732442;;
Shaker Bottle;;;145,95060715496948
Shaker Bottle;20,922184635035592;;
Shaker Bottle;;;310,0543942121876
Shaker Bottle;;;310,0543942121876
Shaker Bottle;20,922184635035592;;
Shaker Bottle;;69,96895614936693;
Shaker Bottle;;;145,95060715496948
Shaker Bottle;26,046899869732442;;
Shaker Bottle;;;165,10954952939937
Shaker Bottle;;;143,87950834243384
Shaker Bottle;;79,95454300760503;
Shaker Bottle;9,377080290114236;;
Shaker Bottle;57,99329113834165;;
Shaker Bottle;9,377080290114236;;
Shaker Bottle;;79,95454300760503;
Shaker Bottle;;251,94116658517032;
Shaker Bottle;57,99329113834165;;
Shaker Bottle;;;165,10954952939937
Shaker Bottle;156,92143412329278;;
Shaker Bottle;;9,565914686521864;
Shaker Bottle;;8,502079838614009;
Shaker Bottle;;8,502079838614009;
Shaker Bottle;;;44,660333929918124
Shaker Bottle;;;143,87950834243384
Shaker Bottle;156,92143412329278;;
Shaker Bottle;;;130,13012311852071
Shaker Bottle;143,87690919436977;;
Shaker Bottle;152,8183376924062;;
Shaker Bottle;12,660143229077221;;
Shaker Bottle;12,660143229077221;;
Shaker Bottle;12,549578677018872;;
Shaker Bottle;12,549578677018872;;
Shaker Bottle;;12,655603069310018;
Shaker Bottle;;12,655603069310018;
Shaker Bottle;;;337,93023922733846
Shaker Bottle;;122,37756151142821;
Shaker Bottle;25,798500876706385;;
Shaker Bottle;25,798500876706385;;
Shaker Bottle;;122,37756151142821;
Shaker Bottle;;324,82672958078183;
Shaker Bottle;;324,82672958078183;
Shaker Bottle;;;149,6977266635513
Shaker Bottle;;;149,6977266635513
Shaker Bottle;;170,47837426618207;
Shaker Bottle;;;12,358311100622814
Shaker Bottle;;12,223391479346901;
Shaker Bottle;;12,223391479346901;
Shaker Bottle;614,5234542704711;;
Shaker Bottle;614,5234542704711;;
Shaker Bottle;;;337,93023922733846
Shaker Bottle;;19,58013380529883;
Shaker Bottle;11,190628160518827;;
Shaker Bottle;2,737347685142595;;
Shaker Bottle;11,190628160518827;;
Shaker Bottle;2,737347685142595;;
Shaker Bottle;;;72,40262619601572
Shaker Bottle;;;12,358311100622814
Shaker Bottle;;170,47837426618207;
Shaker Bottle;;;72,40262619601572
Shaker Bottle;152,8183376924062;;
Shaker Bottle;;19,58013380529883;
Shaker Bottle;;;4,264798401418375
Shaker Bottle;;;4,264798401418375
Shaker Bottle;106,14360229456179;;
Shaker Bottle;;;83,43051517724234
Shaker Bottle;;54,9296092557488;
Shaker Bottle;;;83,43051517724234
Shaker Bottle;;;158,7747585142497
Shaker Bottle;;;32,21058930963045
Shaker Bottle;106,14360229456179;;
Shaker Bottle;;3,4614420096040703;
Shaker Bottle;35,59499755720026;;
Shaker Bottle;;54,9296092557488;
Shaker Bottle;;;32,21058930963045
Shaker Bottle;;3,4614420096040703;
Shaker Bottle;;26,919299824137852;
Shaker Bottle;;;158,7747585142497
Shaker Bottle;;;169,52344093132706
Shaker Bottle;;81,57084991058218;
Shaker Bottle;;81,57084991058218;
Shaker Bottle;35,59499755720026;;
Shaker Bottle;;26,919299824137852;
Soda gun;2,5988155053491937;;
Soda gun;;;0,0
Soda gun;;0,0;
Soda gun;0,0;;
Soda gun;;;0,0
Soda gun;;;0,0
Soda gun;;0,0;
Soda gun;;;0,0
Soda gun;8,919057543831286;;
Soda gun;0,0;;
Soda gun;;;0,0
Soda gun;0,0;;
Soda gun;;;0,0
Soda gun;2,3480778961238684;;
Soda gun;;0,0;
Soda gun;;;0,0
Soda gun;;2,0835267997317715;
Soda gun;;;0,0
Soda gun;0,0;;
Soda gun;;7,633475806796923;
Soda gun;0,0;;
Soda gun;;0,0;
Soda gun;0,0;;
Soda gun;0,0;;
Soda gun;;;0,0
Soda gun;;6,978255720132438;
Soda gun;;;0,0
Soda gun;;0,0;
Soda gun;;12,673329424389522;
Soda gun;;;0,0
Soda gun;0,0;;
Soda gun;;;0,0
Soda gun;;;0,0
Soda gun;0,0;;
Soda gun;;0,0;
Soda gun;;7,211035500164144;
Soda gun;0,0;;
Soda gun;;0,0;
Soda gun;;8,681613319859025;
Soda gun;;3,377904208182372;
Soda gun;;0,0;
Soda gun;;;0,0
Soda gun;0,0;;
Soda gun;;;10,348726023701602
Soda gun;0,0;;
Spoon;;;4,534211401100038
Spoon;;;9,592264038779831
Spoon;;;0,0
Spoon;;;8,900408275672817
Spoon;;;2,9180476034161984
Spoon;;0,0;
Spoon;2,2930688026171993;;
Spoon;6,229019595950376;;
Spoon;;0,0;
Spoon;0,0;;
Spoon;;10,316606608059374;
Spoon;;5,615699294648948;
Spoon;0,0;;
Spoon;;;10,356922680468415
Spoon;;36,489178594594705;
Spoon;;;8,677366806194186
Spoon;20,24323974258732;;
Spoon;;5,703476385999238;
Spoon;;0,0;
Spoon;2,3330418974219356;;
Spoon;;;6,602892575021542
Spoon;;;34,04295175240259
Spoon;0,0;;
Spoon;0,0;;
Spoon;21,758318188309886;;
Spoon;5,810005987535533;;
Spoon;;5,072024895060167;
Spoon;;;2,613014403206762
Spoon;;;9,123667348307208
Spoon;;15,376495082387919;
Spoon;;2,2360727008244794;
Spoon;;8,15895748118055;
Spoon;12,177194953821527;;
Spoon;;22,74291033911868;
Spoon;18,749371641770267;;
Spoon;12,023909328040872;;
Spoon;;;27,94174851700518
Spoon;;5,202816521647037;
Spoon;;;4,570421098074803
Spoon;;;15,666190376850409
Spoon;;2,9754757001355756;
Spoon;;2,2229596013239643;
Spoon;6,549396979127778;;
Spoon;;;17,685323402867652
Spoon;0,0;;
Strainer;;;0,0
Strainer;0,0;;
Strainer;0,0;;
Strainer;0,0;;
Strainer;;;0,0
Strainer;0,0;;
Strainer;0,0;;
Strainer;;;0,0
Strainer;0,0;;
Strainer;;;0,0
Strainer;0,0;;
Strainer;0,0;;
Strainer;0,0;;
Strainer;0,0;;
Strainer;0,0;;
Strainer;0,0;;
Strainer;;;0,0
Strainer;;;0,0
Strainer;;;0,0
Strainer;;;0,0
Strainer;;0,0;
Strainer;;0,0;
Strainer;;;0,0
Strainer;;0,0;
Strainer;;;0,0
Strainer;;0,0;
Strainer;;0,0;
Strainer;;0,0;
Strainer;;;0,0
Strainer;;;0,0
Strainer;0,0;;
Strainer;;0,0;
Strainer;;0,0;
Strainer;;0,0;
Strainer;;0,0;
Strainer;0,0;;
Strainer;0,0;;
Strainer;;0,0;
Strainer;;;0,0
Strainer;;0,0;
Strainer;;0,0;
Strainer;;0,0;
Strainer;;;0,0
Strainer;;0,0;
Strainer;;;0,0
Tire;;;0,0
Tire;;;0,0
Tire;;;0,0
Tire;;;0,0
Tire;;;0,0
Tire;;;0,0
Tire;;;0,0
Tire;;;0,0
Tire;;;0,0
Tire;;0,0;
Tire;0,0;;
Tire;0,0;;
Tire;;;0,0
Tire;0,0;;
Tire;0,0;;
Tire;;0,0;
Tire;0,0;;
Tire;0,0;;
Tire;;0,0;
Tire;;0,0;
Tire;0,0;;
Tire;;0,0;
Tire;;0,0;
Tire;;;0,0
Tire;;0,0;
Tire;;0,0;
Tire;;0,0;
Tire;;0,0;
Tire;;0,0;
Tire;;0,0;
Tire;;0,0;
Tire;;0,0;
Tire;;;0,0
Tire;;0,0;
Tire;0,0;;
Tire;0,0;;
Tire;0,0;;
Tire;0,0;;
Tire;0,0;;
Tire;0,0;;
Tire;;;0,0
Tire;;;0,0
Tire;;;0,0
Tire;0,0;;
Tire;0,0;;
TopLayer;;;0,0
TopLayer;;0,0;
TopLayer;;0,0;
TopLayer;;0,0;
TopLayer;0,0;;
TopLayer;;;0,0
TopLayer;;0,0;
TopLayer;;0,0;
TopLayer;2,057603099687185;;
TopLayer;0,0;;
TopLayer;0,0;;
TopLayer;;0,0;
TopLayer;;0,0;
TopLayer;0,0;;
TopLayer;0,0;;
TopLayer;4,4867268989401055;;
TopLayer;;;0,0
TopLayer;0,0;;
TopLayer;0,0;;
TopLayer;;0,0;
TopLayer;0,0;;
TopLayer;0,0;;
TopLayer;0,0;;
TopLayer;;;0,0
TopLayer;;;0,0
TopLayer;0,0;;
TopLayer;0,0;;
TopLayer;;236,81015449987171;
TopLayer;0,0;;
TopLayer;;0,0;
TopLayer;;;0,0
TopLayer;;;0,0
TopLayer;;0,0;
TopLayer;;0,0;
TopLayer;;0,0;
TopLayer;;;0,0
TopLayer;;;0,0
TopLayer;;;0,0
TopLayer;;;0,0
TopLayer;;;0,0
TopLayer;;;0,0
TopLayer;;0,0;
TopLayer;;0,0;
TopLayer;;;0,0
TopLayer;;;0,0
TransparentFX;;0,0;
TransparentFX;0,0;;
TransparentFX;;;0,0
TransparentFX;;0,0;
TransparentFX;;0,0;
TransparentFX;;;0,0
TransparentFX;0,0;;
TransparentFX;;0,0;
TransparentFX;0,0;;
TransparentFX;;;0,0
TransparentFX;0,0;;
TransparentFX;0,0;;
TransparentFX;;;0,0
TransparentFX;0,0;;
TransparentFX;;;0,0
TransparentFX;0,0;;
TransparentFX;0,0;;
TransparentFX;;;0,0
TransparentFX;;0,0;
TransparentFX;0,0;;
TransparentFX;;;0,0
TransparentFX;0,0;;
TransparentFX;0,0;;
TransparentFX;;;0,0
TransparentFX;;;0,0
TransparentFX;;0,0;
TransparentFX;0,0;;
TransparentFX;;;0,0
TransparentFX;;;0,0
TransparentFX;;0,0;
TransparentFX;;0,0;
TransparentFX;;0,0;
TransparentFX;;;0,0
TransparentFX;;0,0;
TransparentFX;;0,0;
TransparentFX;0,0;;
TransparentFX;;0,0;
TransparentFX;;;0,0
TransparentFX;;0,0;
TransparentFX;;;0,0
TransparentFX;;0,0;
TransparentFX;;0,0;
TransparentFX;0,0;;
TransparentFX;0,0;;
TransparentFX;;;0,0
UI;;0,0;
UI;0,0;;
UI;;;0,0
UI;0,0;;
UI;;;0,0
UI;0,0;;
UI;;;0,0
UI;;;0,0
UI;;0,0;
UI;0,0;;
UI;0,0;;
UI;0,0;;
UI;;0,0;
UI;;;0,0
UI;0,0;;
UI;;0,0;
UI;;0,0;
UI;0,0;;
UI;;;0,0
UI;;0,0;
UI;;;0,0
UI;0,0;;
UI;;;0,0
UI;;;0,0
UI;0,0;;
UI;;;0,0
UI;;0,0;
UI;;0,0;
UI;;;0,0
UI;0,0;;
UI;0,0;;
UI;;0,0;
UI;;0,0;
UI;;0,0;
UI;0,0;;
UI;0,0;;
UI;;;0,0
UI;;0,0;
UI;;0,0;
UI;;0,0;
UI;;;0,0
UI;;0,0;
UI;;;0,0
UI;;;0,0
UI;0,0;;
Water;0,0;;
Water;;;0,0
Water;0,0;;
Water;0,0;;
Water;0,0;;
Water;;;0,0
Water;0,0;;
Water;;;0,0
Water;0,0;;
Water;;;0,0
Water;;0,0;
Water;;;0,0
Water;;0,0;
Water;;0,0;
Water;;0,0;
Water;;;0,0
Water;;;0,0
Water;;0,0;
Water;;0,0;
Water;;0,0;
Water;;0,0;
Water;;0,0;
Water;;;0,0
Water;;0,0;
Water;;0,0;
Water;;0,0;
Water;;0,0;
Water;;0,0;
Water;;0,0;
Water;;;0,0
Water;0,0;;
Water;;;0,0
Water;0,0;;
Water;0,0;;
Water;;;0,0
Water;0,0;;
Water;0,0;;
Water;0,0;;
Water;;;0,0
Water;;;0,0
Water;0,0;;
Water;0,0;;
Water;;;0,0
Water;;;0,0
Water;0,0;;
